{
  "patient_id": "PATIENT_SYNTHETIC",
  "timestamp": "2026-02-13T13:35:37.241003",
  "config": {
    "sampling_rate": 25,
    "window_duration": 1.0,
    "window_overlap": 0.5,
    "gravity_magnitude": 9.8,
    "acc_axes": [
      "X",
      "Y",
      "Z"
    ],
    "tremor_band_low": 4.0,
    "tremor_band_high": 6.0,
    "voluntary_band_high": 3.0,
    "baseline_min_windows": 5,
    "random_state": 42,
    "n_cv_folds": 5,
    "test_size": 0.15,
    "max_missing_ratio": 0.1,
    "outlier_std_threshold": 5.0
  },
  "dataset_info": {
    "total_samples": 1000000,
    "total_windows": 76922,
    "raw_features": 52,
    "total_features": 104,
    "train_windows": 65383,
    "test_windows": 11539,
    "on_count": 38461,
    "off_count": 38461
  },
  "baseline_stats": {
    "stats": {
      "X_mean": {
        "mean": 0.0004779412006074496,
        "std": 0.3065730704344975,
        "median": 0.0008510362001837713,
        "q25": -0.13986150497962194,
        "q75": 0.14193887314147144
      },
      "X_std": {
        "mean": 1.6223063058584082,
        "std": 1.1385771725042193,
        "median": 1.3825932831410706,
        "q25": 0.4827022167769414,
        "q75": 2.6400780643183945
      },
      "X_var": {
        "mean": 3.9282357277756588,
        "std": 4.277144119184791,
        "median": 1.9115641865868043,
        "q25": 0.23300143008137333,
        "q75": 6.97001218569516
      },
      "X_rms": {
        "mean": 1.6525473837869442,
        "std": 1.1363582833147348,
        "median": 1.411360510976186,
        "q25": 0.5129443738902355,
        "q75": 2.661700318732623
      },
      "X_peak_to_peak": {
        "mean": 5.020128117675931,
        "std": 3.3282279885947488,
        "median": 4.515762718575202,
        "q25": 1.6350841986393418,
        "q75": 7.894816443369971
      },
      "X_energy": {
        "mean": 100.55557509297712,
        "std": 108.51607487297636,
        "median": 49.798462298574016,
        "q25": 6.577798267641144,
        "q75": 177.11621466853367
      },
      "X_sma": {
        "mean": 1.451363032941508,
        "std": 1.0205462936563319,
        "median": 1.2152833526271594,
        "q25": 0.4403105501767861,
        "q75": 2.3592415461387106
      },
      "X_skewness": {
        "mean": 0.0008014042454348468,
        "std": 0.3456215157426674,
        "median": -0.000627845584360148,
        "q25": -0.17239705069409814,
        "q75": 0.17179452977473006
      },
      "X_kurtosis": {
        "mean": -1.0958295333352632,
        "std": 0.5402673705302706,
        "median": -1.2338343620204633,
        "q25": -1.4371399739841617,
        "q75": -0.9376773796553972
      },
      "X_iqr": {
        "mean": 2.8280389025550656,
        "std": 2.1710455505681714,
        "median": 2.1250214295402428,
        "q25": 0.7867344187709164,
        "q75": 4.757394916956917
      },
      "X_zero_crossing": {
        "mean": 0.13178544499622996,
        "std": 0.05337936232087581,
        "median": 0.12,
        "q25": 0.08,
        "q75": 0.16
      },
      "X_dominant_freq": {
        "mean": 1.4600244403421647,
        "std": 0.5362932999299244,
        "median": 1.0,
        "q25": 1.0,
        "q75": 2.0
      },
      "X_tremor_power": {
        "mean": 0.046302958110934926,
        "std": 0.053140783882571,
        "median": 0.028421481386975683,
        "q25": 0.011504363756949723,
        "q75": 0.06190486866874271
      },
      "X_voluntary_power": {
        "mean": 0.9163924870674075,
        "std": 0.09227895419790702,
        "median": 0.948216029653412,
        "q25": 0.884103027197286,
        "q75": 0.9809487197258502
      },
      "X_spectral_entropy": {
        "mean": 0.3253907534686654,
        "std": 0.18922505655332741,
        "median": 0.3171343048192351,
        "q25": 0.1773476679890018,
        "q75": 0.45890781804111147
      },
      "Y_mean": {
        "mean": -0.0007801307449110035,
        "std": 0.29243641531825704,
        "median": -0.0017124707884018343,
        "q25": -0.13786379802748058,
        "q75": 0.13392007863916697
      },
      "Y_std": {
        "mean": 1.6154775639875356,
        "std": 1.1445412652813112,
        "median": 1.3369693517207322,
        "q25": 0.48167221295947177,
        "q75": 2.636377602984997
      },
      "Y_var": {
        "mean": 3.919742467678846,
        "std": 4.313551529931825,
        "median": 1.7874870474405546,
        "q25": 0.2320081207372747,
        "q75": 6.950486865520918
      },
      "Y_rms": {
        "mean": 1.6433619915091928,
        "std": 1.1422011636090894,
        "median": 1.3619768435048716,
        "q25": 0.5077246393006734,
        "q75": 2.6582314041744604
      },
      "Y_peak_to_peak": {
        "mean": 4.99065315635928,
        "std": 3.333602985751193,
        "median": 4.392746262141113,
        "q25": 1.6370429016772787,
        "q75": 7.894281523358809
      },
      "Y_energy": {
        "mean": 100.13155333217544,
        "std": 109.21564898294932,
        "median": 46.374523056087334,
        "q25": 6.444607733824972,
        "q75": 176.65485495348307
      },
      "Y_sma": {
        "mean": 1.4441273619646093,
        "std": 1.0267426207585173,
        "median": 1.1710339279868216,
        "q25": 0.4369085078800885,
        "q75": 2.3559424831178624
      },
      "Y_skewness": {
        "mean": 0.0033025449587444503,
        "std": 0.3428039192710587,
        "median": 0.0010123052285557783,
        "q25": -0.16607746107627583,
        "q75": 0.1684444698144709
      },
      "Y_kurtosis": {
        "mean": -1.099741158515808,
        "std": 0.5386347704812181,
        "median": -1.2426174000233634,
        "q25": -1.4405780688777257,
        "q75": -0.9425310955535604
      },
      "Y_iqr": {
        "mean": 2.8283057669488367,
        "std": 2.194420691785507,
        "median": 2.0400934010749427,
        "q25": 0.7792587608364596,
        "q75": 4.7736892676402665
      },
      "Y_zero_crossing": {
        "mean": 0.132668417357843,
        "std": 0.05233415512439057,
        "median": 0.12,
        "q25": 0.08,
        "q75": 0.16
      },
      "Y_dominant_freq": {
        "mean": 1.4734666285327995,
        "std": 0.5409367676827613,
        "median": 1.0,
        "q25": 1.0,
        "q75": 2.0
      },
      "Y_tremor_power": {
        "mean": 0.04543192691006393,
        "std": 0.05241599821533044,
        "median": 0.027681364587267825,
        "q25": 0.011086194310383173,
        "q75": 0.060580508508110954
      },
      "Y_voluntary_power": {
        "mean": 0.9174036922712088,
        "std": 0.0912350050161716,
        "median": 0.9485778186153655,
        "q25": 0.8853046401772703,
        "q75": 0.9812869092294151
      },
      "Y_spectral_entropy": {
        "mean": 0.3171111964281554,
        "std": 0.18777844774789862,
        "median": 0.30825611351864013,
        "q25": 0.17200052385377693,
        "q75": 0.4456319175391554
      },
      "Z_mean": {
        "mean": -0.0013963409087842805,
        "std": 0.29985719728792065,
        "median": -0.0022642516207468243,
        "q25": -0.14141238025988284,
        "q75": 0.1378749184388216
      },
      "Z_std": {
        "mean": 1.6093327504917372,
        "std": 1.1323615945623169,
        "median": 1.376919281944831,
        "q25": 0.4745171612503362,
        "q75": 2.628372729658943
      },
      "Z_var": {
        "mean": 3.872194682645012,
        "std": 4.227707237764651,
        "median": 1.895906708991469,
        "q25": 0.22516653632107758,
        "q75": 6.908343206014805
      },
      "Z_rms": {
        "mean": 1.6375244995627651,
        "std": 1.1316468020146697,
        "median": 1.4075892486791939,
        "q25": 0.5023984572592612,
        "q75": 2.653264723050893
      },
      "Z_peak_to_peak": {
        "mean": 4.9777268144973625,
        "std": 3.3163061377643746,
        "median": 4.504528107503793,
        "q25": 1.610639138031802,
        "q75": 7.860613162758271
      },