{
  "patient_id": "PATIENT_001",
  "config": {
    "sampling_rate": 25,
    "window_duration": 1.0,
    "window_overlap": 0.5,
    "gravity_magnitude": 9.8,
    "acc_axes": [
      "X",
      "Y",
      "Z"
    ],
    "tremor_band_low": 4.0,
    "tremor_band_high": 6.0,
    "voluntary_band_high": 3.0,
    "baseline_min_windows": 5,
    "random_state": 42,
    "n_cv_folds": 5,
    "max_missing_ratio": 0.1,
    "outlier_std_threshold": 5.0
  },
  "dataset_info": {
    "total_samples": 1092,
    "total_windows": 83,
    "features_count": 104,
    "on_count": 41,
    "off_count": 42
  },
  "baseline_stats": {
    "stats": {
      "X_mean": {
        "mean": -0.09116994339985056,
        "std": 0.5421514845661448,
        "median": -0.06518546966847663
      },
      "X_std": {
        "mean": 4.885699648036722,
        "std": 1.5870912802631583,
        "median": 5.017008530765053
      },
      "X_var": {
        "mean": 26.388919782713497,
        "std": 14.166763689535555,
        "median": 25.170374597769317
      },
      "X_rms": {
        "mean": 4.923009552863733,
        "std": 1.5668876526167188,
        "median": 5.054238404072568
      },
      "X_peak_to_peak": {
        "mean": 18.44820977569963,
        "std": 5.954293774144335,
        "median": 18.931058183755088
      },
      "X_energy": {
        "mean": 667.2789993377576,
        "std": 355.27340340151005,
        "median": 638.6331461300505
      },
      "X_sma": {
        "mean": 3.90916279169239,
        "std": 1.338259552686502,
        "median": 3.883148624781202
      },
      "X_skewness": {
        "mean": -0.44496713633865165,
        "std": 0.5496981837066646,
        "median": -0.367709450433739
      },
      "X_kurtosis": {
        "mean": -0.12031219660001145,
        "std": 0.7652940504733254,
        "median": -0.35132138665757573
      },
      "X_iqr": {
        "mean": 6.3249657482691815,
        "std": 2.754282999432891,
        "median": 5.863646799404362
      },
      "X_zero_crossing": {
        "mean": 0.16585365853658537,
        "std": 0.04963159938332451,
        "median": 0.16
      },
      "X_dominant_freq": {
        "mean": 1.7073170731707317,
        "std": 0.5944418344855581,
        "median": 2.0
      },
      "X_tremor_power": {
        "mean": 0.11540490068902146,
        "std": 0.0846623215647415,
        "median": 0.10576007775790656
      },
      "X_voluntary_power": {
        "mean": 0.8494441939299551,
        "std": 0.12330053447335147,
        "median": 0.8819680482092329
      },
      "X_spectral_entropy": {
        "mean": 0.4981587619974162,
        "std": 0.14688889701673546,
        "median": 0.49880196432299806
      },
      "Y_mean": {
        "mean": 0.02201635210972845,
        "std": 0.3471932573106359,
        "median": 0.04976608070243621
      },
      "Y_std": {
        "mean": 2.610088302076944,
        "std": 0.7960524120423889,
        "median": 2.654950459564651
      },
      "Y_var": {
        "mean": 7.446260387357409,
        "std": 4.291327958717398,
        "median": 7.048761942742551
      },
      "Y_rms": {
        "mean": 2.636484577337912,
        "std": 0.7850078588771776,
        "median": 2.6867120421499373
      },
      "Y_peak_to_peak": {
        "mean": 9.537384416410674,
        "std": 3.283829461139051,
        "median": 9.210157875322306
      },
      "Y_energy": {
        "mean": 189.18220662598995,
        "std": 106.89298310818363,
        "median": 180.46053993583718
      },
      "Y_sma": {
        "mean": 2.1814145961430986,
        "std": 0.6291524721891816,
        "median": 2.0856663759009457
      },
      "Y_skewness": {
        "mean": -0.01065431969396954,
        "std": 0.41765099216120893,
        "median": 0.04334557093847552
      },
      "Y_kurtosis": {
        "mean": -0.7487055305860748,
        "std": 0.5976160873507144,
        "median": -0.7580184036833777
      },
      "Y_iqr": {
        "mean": 3.6519154378787695,
        "std": 1.2549003513819357,
        "median": 3.5263571485097067
      },
      "Y_zero_crossing": {
        "mean": 0.20487804878048782,
        "std": 0.08249529036725739,
        "median": 0.24
      },
      "Y_dominant_freq": {
        "mean": 1.4634146341463414,
        "std": 0.7357611282438223,
        "median": 1.0
      },
      "Y_tremor_power": {
        "mean": 0.17245884773853762,
        "std": 0.10814769629065718,
        "median": 0.14654298953080722
      },
      "Y_voluntary_power": {
        "mean": 0.7711406702897649,
        "std": 0.13903350077563506,
        "median": 0.8214935055132931
      },
      "Y_spectral_entropy": {
        "mean": 0.5700873099979242,
        "std": 0.10725374983149455,
        "median": 0.5812890829919313
      },
      "Z_mean": {
        "mean": -0.029121795153925874,
        "std": 0.4845993685807462,
        "median": -0.04354105709427136
      },
      "Z_std": {
        "mean": 2.90553837702689,
        "std": 0.8818094239656205,
        "median": 2.5962437664851157
      },
      "Z_var": {
        "mean": 9.219741120570635,
        "std": 5.686389233086084,
        "median": 6.740481695012819
      },
      "Z_rms": {
        "mean": 2.950482869773379,
        "std": 0.8660696177134526,
        "median": 2.6463582762564384
      },
      "Z_peak_to_peak": {
        "mean": 9.916854121398163,
        "std": 2.647056609784355,
        "median": 9.31228188098299
      },
      "Z_energy": {
        "mean": 236.38564368881205,
        "std": 140.86169613878144,
        "median": 175.08030315777373
      },
      "Z_sma": {
        "mean": 2.53235097262466,
        "std": 0.8170919543108722,
        "median": 2.3156264281131187
      },
      "Z_skewness": {
        "mean": 0.11665396188036568,
        "std": 0.3928421557993487,
        "median": 0.07305539011474514
      },
      "Z_kurtosis": {
        "mean": -0.8953243987673741,
        "std": 0.5462925211446669,
        "median": -1.0154693753097912
      },
      "Z_iqr": {
        "mean": 4.515706366770358,
        "std": 1.7342687135170174,
        "median": 3.8468486495355054
      },
      "Z_zero_crossing": {
        "mean": 0.15707317073170732,
        "std": 0.0540209490728083,
        "median": 0.16
      },
      "Z_dominant_freq": {
        "mean": 1.2682926829268293,
        "std": 0.49506788122401074,
        "median": 1.0
      },
      "Z_tremor_power": {
        "mean": 0.0846766098168072,
        "std": 0.05036402233677121,
        "median": 0.06778325836586822
      },
      "Z_voluntary_power": {
        "mean": 0.867493051660146,
        "std": 0.06737154642897596,
        "median": 0.8860436596801741
      },
      "Z_spectral_entropy": {
        "mean": 0.43608715907908707,
        "std": 0.12816259015857523,
        "median": 0.4713919917693657
      },
      "magnitude_mean": {
        "mean": 5.851225805079796,
        "std": 1.5412721829102471,
        "median": 5.728259733472182
      },
      "magnitude_std": {
        "mean": 2.5452728391326134,
        "std": 0.7893648057973978,
        "median": 2.4957026211230353
      },
      "magnitude_rms": {
        "mean": 6.4006651154764285,
        "std": 1.6569128117150613,
        "median": 6.389322771591649
      },
      "corr_xy": {
        "mean": 0.2661039634957206,
        "std": 0.2198104556542728,
        "median": 0.30272157648640285
      },
      "corr_xz": {
        "mean": -0.30877807075191227,
        "std": 0.30281229724815123,
        "median": -0.375614620566085
      },
      "corr_yz": {
        "mean": -0.21340477257369983,
        "std": 0.35495693238009984,
        "median": -0.2810590735442247
      },
      "svm": {
        "mean": 5.851225805079796,
        "std": 1.5412721829102471,
        "median": 5.728259733472182
      }
    },
    "n_windows": 41
  },
  "model_performance": {
    "accuracy": 0.7710843373493976,
    "precision": 0.75,
    "recall": 0.8048780487804879,
    "f1": 0.7764705882352941,